{
	"description": "项目配置文件。",
	"setting": {
		"urlCheck": false,
		"es6": true,
		"postcss": true,
		"minified": true,
		"newFeature": true
	},
	"compileType": "miniprogram",
	"libVersion": "2.2.3",
	"appid": "wxd380e6d9b7e662a6",
	"projectname": "%E5%AE%B6%E6%94%BF%E7%94%9F%E6%B4%BB%E6%9C%8D%E5%8A%A1-%E5%BE%AE%E6%93%8E",
	"isGameTourist": false,
	"condition": {
		"search": {
			"current": -1,
			"list": []
		},
		"conversation": {
			"current": -1,
			"list": []
		},
		"plugin": {
			"current": -1,
			"list": []
		},
		"game": {
			"currentL": -1,
			"list": []
		},
		"miniprogram": {
			"current": -1,
			"list": [
				{
					"id": -1,
					"name": "关于",
					"pathName": "pages/user/user",
					"query": ""
				},
				{
					"id": -1,
					"name": "关于我们",
					"pathName": "pages/index/about/about",
					"query": ""
				}
			]
		}
	}
}